<?xml version="1.0" encoding="utf-8" ?>
<questions>
  <q>A man buys an article for rs.27.50 and sells it for rs.28.50. find his gain %.</q>
  <optiona >2</optiona>
  <optionb >4</optionb>
  <optionc >6</optionc>
  <optiond >1</optiond>
  <a>4</a>

  <q>A person incures loss for by selling a watch for rs1140.at what price should the watch be sold to earn a 5% profit ?</q>
  <optiona >1260</optiona>
  <optionb >1620</optionb>
  <optionc >1860</optionc>
  <optiond>1820</optiond>
  <a>1260</a>

  <q>A book was sold for rs 27.50 with a profit of 10%. if it were sold for rs25.75, then what would be % of profit or loss?</q>
  <optiona>1</optiona>
  <optionb>2</optionb>
  <optionc >3</optionc>
  <optiond>4</optiond>
  <a>3</a>

  <q>If the cost price is 96% of sp then whqt is the profit %</q>
  <optiona>4</optiona>
  <optionb>1.47</optionb>
  <optionc >2.17</optionc>
  <optiond >4.17</optiond>
  <a>4.17</a>

  <q>The cp of 21 articles is equal to sp of 18 articles.find gain or loss %</q>
  <optiona >55/3</optiona>
  <optionb >40/3</optionb>
  <optionc >50/3</optionc>
  <optiond >49/3</optiond>
  <a>50/3</a>
  
  <q>By selling 33 metres of cloth , one gains the selling price of 11 metres . Find the gain percent .</q>
  <optiona >60</optiona>
  <optionb >50</optionb>
  <optionc >45</optionc>
  <optiond >55</optiond>
  <a>50</a>
  
  <q>A vendor bought bananas at 6 for Rs.10 and sold them at Rs.4 for Rs.6 .Find his gain or loss percent .</q>
  <optiona >10</optiona>
  <optionb >15</optionb>
  <optionc >12</optionc>
  <optiond >11</optiond>
  <a>10</a>
  
  <q>A man brought toffees at for a rupee. How many for a rupee must he sell to gain 50%?</q>
  <optiona >3</optiona>
  <optionb >1</optionb>
  <optionc >4</optionc>
  <optiond >2</optiond>
  <a>2</a>
  
  <q>A grocer purchased 80 kg of sugar at Rs.13.50 per kg and mixed it with 120kg sugar at Rs.16per kg. At what rate should he sell the mixer to gain 16%?</q>
  <optiona >16.40</optiona>
  <optionb >17.40</optionb>
  <optionc >15.40</optionc>
  <optiond >17</optiond>
  <a>17.40</a>
  
  <q>Pure ghee cost Rs.100 per kg. After adulterating it with vegetable oil costing Rs.50 per kg, A shopkeeper sells the mixture at the rate of Rs.96 per kg, thereby 
  making a profit of 20%.In What ratio does he mix the two?</q>
  <optiona >2:1</optiona>
  <optionb >2:3</optionb>
  <optionc >3:2.</optionc>
  <optiond >1:2</optiond>
  <a>3:2.</a>
  
  <q>If the manufacturer gains 10%,the wholesale dealer 15% and the retailer 25% ,then find the cost of production of a ,the retail price of which is Rs.1265?</q>
  <optiona >800</optiona>
  <optionb >600</optionb>
  <optionc >750</optionc>
  <optiond >850</optiond>
  <a>800</a>
  
  <q>Monika purchesed a pressure cooker at 9/10th of its selling price and sold it at 8% more than its S.P .find her gain percent.</q>
  <optiona >25</optiona>
  <optionb >20</optionb>
  <optionc >22.5</optionc>
  <optiond >22</optiond>
  <a>20</a>
  
  <q>An article is sold at certain price. By selling it at 2/3 of its price one losses 10%,find the gain at original price ?</q>
  <optiona >33</optiona>
  <optionb >33.5</optionb>
  <optionc >35</optionc>
  <optiond >30</optiond>
  <a>35</a>
  
  <q>A tradesman sold an article at a loss of 20%.if the selling price has been increased by Rs100,ther would have been a gain of 5%.what was the cost price of the article?</q>
  <optiona >400</optiona>
  <optionb >350</optionb>
  <optionc >300</optionc>
  <optiond >450</optiond>
  <a>400</a>
  
  <q>A man sells an article at a profit of 25%if he had bought it 20% less and sold it for Rs 10.50 less,he would have gained 30%find the cost price of the article</q>
  <optiona >45</optiona>
  <optionb >50</optionb>
  <optionc >47</optionc>
  <optiond >49</optiond>
  <a>50</a>
  
  <q>The price of the jewel,passing through three hands,rises on the whole by65%.if the first and the second sellers 20%and25% profit respectively find the percentage profit earned by the third seller.</q>
  <optiona >20</optiona>
  <optionb >15</optionb>
  <optionc >10</optionc>
  <optiond >25</optiond>
  <a>10</a>
  
  <q>A man 2 flats for Rs 675958 each.on one he gains 16% while on the other he losses 16%. How much does he gain/loss in the whole transaction?</q>
  <optiona >2.56</optiona>
  <optionb >2.54</optionb>
  <optionc >3.56</optionc>
  <optiond >3</optiond>
  <a>2.56</a>
  
  <q>A dealer sold three-fourth of his article at a gain of 20% and remaining at a cost price. Find the gain earned by him at the two transcation.</q>
  <optiona >17</optiona>
  <optionb >15</optionb>
  <optionc >20</optionc>
  <optiond >25</optiond>
  <a>15</a>
  
  <q>A man bought a horse and a car riage for Rs 3000.he sold the horse at a gain of 20% and the carriage at a loss of 10%,thereby gaining 2% on the whole.find the cost of the horse.</q>
  <optiona >1250</optiona>
  <optionb >1500</optionb>
  <optionc >1200</optionc>
  <optiond >1300</optiond>
  <a>1200</a>
  
  <q>After getting 2 successive discounts, a shirt with a list price of Rs 150 is available at Rs 105. If the second discount is 12.55,find the first discount.</q>
  <optiona >30</optiona>
  <optionb >20</optionb>
  <optionc >25</optionc>
  <optiond >35</optiond>
  <a>20</a>
</questions>

